Req_ID,Veh_ID,Tile_name,Tx1,P1,Pr1,Tx2,P2,Total delay,Distance
1,0,"(10, 10)_6_8_osm",0.0,1.2867607441355035e-07,0.0,0.0,1.2867607441355035e-07,2.573521488271007e-07,38.6028223240651
1,0,"(10, 10)_6_8_pcd",0.0,1.2867607441355035e-07,0.0,0.0,1.2867607441355035e-07,2.573521488271007e-07,38.6028223240651
2,0,"(10, 10)_6_8_osm",0.0,1.2675186605106607e-07,0.0,0.0,1.2675186605106607e-07,2.5350373210213213e-07,38.025559815319816
2,0,"(10, 10)_6_8_pcd",0.0,1.2675186605106607e-07,0.0,0.0,1.2675186605106607e-07,2.5350373210213213e-07,38.025559815319816
3,1,"(10, 10)_6_9_osm",0.0,2.5417821160028377e-07,0.0,0.0,2.5417821160028377e-07,5.083564232005675e-07,76.25346348008513
3,1,"(10, 10)_6_9_pcd",0.0,2.5417821160028377e-07,0.0,0.0,2.5417821160028377e-07,5.083564232005675e-07,76.25346348008513
4,0,"(10, 10)_6_8_osm",0.0,1.2980464961003844e-07,0.0,0.0,1.2980464961003844e-07,2.5960929922007687e-07,38.94139488301153
4,0,"(10, 10)_6_8_pcd",0.0,1.2980464961003844e-07,0.0,0.0,1.2980464961003844e-07,2.5960929922007687e-07,38.94139488301153
5,1,"(10, 10)_6_9_osm",0.0,2.54679384776906e-07,0.0,0.0,2.54679384776906e-07,5.09358769553812e-07,76.40381543307181
5,1,"(10, 10)_6_9_pcd",0.0,2.54679384776906e-07,0.0,0.0,2.54679384776906e-07,5.09358769553812e-07,76.40381543307181
6,2,"(10, 10)_4_9_osm",0.0,3.8007738744213907e-07,0.0,0.0,3.8007738744213907e-07,7.601547748842781e-07,114.02321623264173
6,2,"(10, 10)_4_9_pcd",0.0,3.8007738744213907e-07,0.0,0.0,3.8007738744213907e-07,7.601547748842781e-07,114.02321623264173
7,0,"(10, 10)_6_8_osm",0.0,1.2382998688839727e-07,0.0,0.0,1.2382998688839727e-07,2.4765997377679453e-07,37.14899606651918
7,0,"(10, 10)_6_8_pcd",0.0,1.2382998688839727e-07,0.0,0.0,1.2382998688839727e-07,2.4765997377679453e-07,37.14899606651918
8,1,"(10, 10)_6_9_osm",0.0,2.560328053641157e-07,0.0,0.0,2.560328053641157e-07,5.120656107282314e-07,76.80984160923471
8,1,"(10, 10)_6_9_pcd",0.0,2.560328053641157e-07,0.0,0.0,2.560328053641157e-07,5.120656107282314e-07,76.80984160923471
9,2,"(10, 10)_4_9_osm",0.0,3.7465506853484455e-07,0.0,0.0,3.7465506853484455e-07,7.493101370696891e-07,112.39652056045337
9,2,"(10, 10)_4_9_pcd",0.0,3.7465506853484455e-07,0.0,0.0,3.7465506853484455e-07,7.493101370696891e-07,112.39652056045337
10,3,"(10, 10)_4_0_osm",0.0,1.1553237670686136e-06,0.0,0.0,1.1553237670686136e-06,2.310647534137227e-06,346.5971301205841
10,3,"(10, 10)_4_0_pcd",0.0,1.1553237670686136e-06,0.0,0.0,1.1553237670686136e-06,2.310647534137227e-06,346.5971301205841
11,0,"(10, 10)_6_8_osm",0.0,1.1510656933713233e-07,0.0,0.0,1.1510656933713233e-07,2.3021313867426467e-07,34.5319708011397
11,0,"(10, 10)_6_8_pcd",0.0,1.1510656933713233e-07,0.0,0.0,1.1510656933713233e-07,2.3021313867426467e-07,34.5319708011397
12,1,"(10, 10)_6_9_osm",0.0,2.5874828677340025e-07,0.0,0.0,2.5874828677340025e-07,5.174965735468005e-07,77.62448603202007
12,1,"(10, 10)_6_9_pcd",0.0,2.5874828677340025e-07,0.0,0.0,2.5874828677340025e-07,5.174965735468005e-07,77.62448603202007
13,2,"(10, 10)_4_9_osm",0.0,3.6376298909477913e-07,0.0,0.0,3.6376298909477913e-07,7.275259781895583e-07,109.12889672843374
13,2,"(10, 10)_4_9_pcd",0.0,3.6376298909477913e-07,0.0,0.0,3.6376298909477913e-07,7.275259781895583e-07,109.12889672843374
14,3,"(10, 10)_4_0_osm",0.0,1.1486122888290316e-06,0.0,0.0,1.1486122888290316e-06,2.297224577658063e-06,344.5836866487095
14,3,"(10, 10)_4_0_pcd",0.0,1.1486122888290316e-06,0.0,0.0,1.1486122888290316e-06,2.297224577658063e-06,344.5836866487095
15,4,"(10, 10)_7_7_osm",0.0,8.010039591753014e-08,0.0,0.0,8.010039591753014e-08,1.6020079183506027e-07,24.03011877525904
15,4,"(10, 10)_7_7_pcd",0.0,8.010039591753014e-08,0.0,0.0,8.010039591753014e-08,1.6020079183506027e-07,24.03011877525904
16,0,"(10, 10)_6_8_osm",0.0,1.0581263360468253e-07,0.0,0.0,1.0581263360468253e-07,2.1162526720936506e-07,31.743790081404757
16,0,"(10, 10)_6_8_pcd",0.0,1.0581263360468253e-07,0.0,0.0,1.0581263360468253e-07,2.1162526720936506e-07,31.743790081404757
17,1,"(10, 10)_6_9_osm",0.0,2.6465361826389335e-07,0.0,0.0,2.6465361826389335e-07,5.293072365277867e-07,79.39608547916801
17,1,"(10, 10)_6_9_pcd",0.0,2.6465361826389335e-07,0.0,0.0,2.6465361826389335e-07,5.293072365277867e-07,79.39608547916801
18,2,"(10, 10)_4_9_osm",0.0,3.476191842230641e-07,0.0,0.0,3.476191842230641e-07,6.952383684461282e-07,104.28575526691924
18,2,"(10, 10)_4_9_pcd",0.0,3.476191842230641e-07,0.0,0.0,3.476191842230641e-07,6.952383684461282e-07,104.28575526691924
19,3,"(10, 10)_4_0_osm",0.0,1.1361425303152607e-06,0.0,0.0,1.1361425303152607e-06,2.2722850606305214e-06,340.8427590945782
19,3,"(10, 10)_4_0_pcd",0.0,1.1361425303152607e-06,0.0,0.0,1.1361425303152607e-06,2.2722850606305214e-06,340.8427590945782
20,4,"(10, 10)_7_7_osm",0.0,9.045669675245692e-08,0.0,0.0,9.045669675245692e-08,1.8091339350491385e-07,27.137009025737076
20,4,"(10, 10)_7_7_pcd",0.0,9.045669675245692e-08,0.0,0.0,9.045669675245692e-08,1.8091339350491385e-07,27.137009025737076
21,0,"(10, 10)_6_8_osm",0.0,9.777754665526107e-08,0.0,0.0,9.777754665526107e-08,1.9555509331052215e-07,29.33326399657832
21,0,"(10, 10)_6_8_pcd",0.0,9.777754665526107e-08,0.0,0.0,9.777754665526107e-08,1.9555509331052215e-07,29.33326399657832
22,1,"(10, 10)_6_9_osm",0.0,2.7515613788049954e-07,0.0,0.0,2.7515613788049954e-07,5.503122757609991e-07,82.54684136414986
22,1,"(10, 10)_6_9_pcd",0.0,2.7515613788049954e-07,0.0,0.0,2.7515613788049954e-07,5.503122757609991e-07,82.54684136414986
23,2,"(10, 10)_4_9_osm",0.0,3.2857417519271624e-07,0.0,0.0,3.2857417519271624e-07,6.571483503854325e-07,98.57225255781488
23,2,"(10, 10)_4_9_pcd",0.0,3.2857417519271624e-07,0.0,0.0,3.2857417519271624e-07,6.571483503854325e-07,98.57225255781488
24,3,"(10, 10)_4_0_osm",0.0,1.1199890607436625e-06,0.0,0.0,1.1199890607436625e-06,2.239978121487325e-06,335.99671822309875
24,3,"(10, 10)_4_0_pcd",0.0,1.1199890607436625e-06,0.0,0.0,1.1199890607436625e-06,2.239978121487325e-06,335.99671822309875
25,4,"(10, 10)_7_7_osm",0.0,8.89422364745431e-08,0.0,0.0,8.89422364745431e-08,1.778844729490862e-07,26.68267094236293
25,4,"(10, 10)_7_7_pcd",0.0,8.89422364745431e-08,0.0,0.0,8.89422364745431e-08,1.778844729490862e-07,26.68267094236293
26,0,"(10, 10)_6_8_osm",0.0,8.684883366097895e-08,0.0,0.0,8.684883366097895e-08,1.736976673219579e-07,26.054650098293685
26,0,"(10, 10)_6_8_pcd",0.0,8.684883366097895e-08,0.0,0.0,8.684883366097895e-08,1.736976673219579e-07,26.054650098293685
27,1,"(10, 10)_5_9_osm",0.0,2.9101996726089875e-07,0.0,0.0,2.9101996726089875e-07,5.820399345217975e-07,87.30599017826962
27,1,"(10, 10)_5_9_pcd",0.0,2.9101996726089875e-07,0.0,0.0,2.9101996726089875e-07,5.820399345217975e-07,87.30599017826962
28,2,"(10, 10)_5_9_osm",0.0,3.075291586584069e-07,0.0,0.0,3.075291586584069e-07,6.150583173168138e-07,92.25874759752206
28,2,"(10, 10)_5_9_pcd",0.0,3.075291586584069e-07,0.0,0.0,3.075291586584069e-07,6.150583173168138e-07,92.25874759752206
29,3,"(10, 10)_4_0_osm",0.0,1.097459514930223e-06,0.0,0.0,1.097459514930223e-06,2.194919029860446e-06,329.2378544790669
29,3,"(10, 10)_4_0_pcd",0.0,1.097459514930223e-06,0.0,0.0,1.097459514930223e-06,2.194919029860446e-06,329.2378544790669
30,4,"(10, 10)_7_7_osm",0.0,8.603824366455555e-08,0.0,0.0,8.603824366455555e-08,1.720764873291111e-07,25.811473099366665
30,4,"(10, 10)_7_7_pcd",0.0,8.603824366455555e-08,0.0,0.0,8.603824366455555e-08,1.720764873291111e-07,25.811473099366665
31,0,"(10, 10)_7_8_osm",0.0,8.445470318286669e-08,0.0,0.0,8.445470318286669e-08,1.6890940636573338e-07,25.336410954860007
31,0,"(10, 10)_7_8_pcd",0.0,8.445470318286669e-08,0.0,0.0,8.445470318286669e-08,1.6890940636573338e-07,25.336410954860007
32,1,"(10, 10)_5_9_osm",0.0,3.120999994584114e-07,0.0,0.0,3.120999994584114e-07,6.241999989168228e-07,93.62999983752343
32,1,"(10, 10)_5_9_pcd",0.0,3.120999994584114e-07,0.0,0.0,3.120999994584114e-07,6.241999989168228e-07,93.62999983752343
33,2,"(10, 10)_5_9_osm",0.0,2.8596182029536985e-07,0.0,0.0,2.8596182029536985e-07,5.719236405907397e-07,85.78854608861096
33,2,"(10, 10)_5_9_pcd",0.0,2.8596182029536985e-07,0.0,0.0,2.8596182029536985e-07,5.719236405907397e-07,85.78854608861096
34,3,"(10, 10)_4_0_osm",0.0,1.0707989132691387e-06,0.0,0.0,1.0707989132691387e-06,2.1415978265382775e-06,321.2396739807416
34,3,"(10, 10)_4_0_pcd",0.0,1.0707989132691387e-06,0.0,0.0,1.0707989132691387e-06,2.1415978265382775e-06,321.2396739807416
35,4,"(10, 10)_6_7_osm",0.0,8.064029929729661e-08,0.0,0.0,8.064029929729661e-08,1.6128059859459322e-07,24.192089789188984
35,4,"(10, 10)_6_7_pcd",0.0,8.064029929729661e-08,0.0,0.0,8.064029929729661e-08,1.6128059859459322e-07,24.192089789188984
36,0,"(10, 10)_7_7_osm",0.0,8.992474752659276e-08,0.0,0.0,8.992474752659276e-08,1.7984949505318552e-07,26.977424257977827
36,0,"(10, 10)_7_7_pcd",0.0,8.992474752659276e-08,0.0,0.0,8.992474752659276e-08,1.7984949505318552e-07,26.977424257977827
37,1,"(10, 10)_4_9_osm",0.0,3.36343232161355e-07,0.0,0.0,3.36343232161355e-07,6.7268646432271e-07,100.9029696484065
37,1,"(10, 10)_4_9_pcd",0.0,3.36343232161355e-07,0.0,0.0,3.36343232161355e-07,6.7268646432271e-07,100.9029696484065
38,2,"(10, 10)_6_9_osm",0.0,2.660659015109364e-07,0.0,0.0,2.660659015109364e-07,5.321318030218728e-07,79.81977045328092
38,2,"(10, 10)_6_9_pcd",0.0,2.660659015109364e-07,0.0,0.0,2.660659015109364e-07,5.321318030218728e-07,79.81977045328092
39,3,"(10, 10)_4_0_osm",0.0,1.0393371211611728e-06,0.0,0.0,1.0393371211611728e-06,2.0786742423223456e-06,311.80113634835186
39,3,"(10, 10)_4_0_pcd",0.0,1.0393371211611728e-06,0.0,0.0,1.0393371211611728e-06,2.0786742423223456e-06,311.80113634835186
40,4,"(10, 10)_6_7_osm",0.0,7.387873133775858e-08,0.0,0.0,7.387873133775858e-08,1.4775746267551717e-07,22.163619401327576
40,4,"(10, 10)_6_7_pcd",0.0,7.387873133775858e-08,0.0,0.0,7.387873133775858e-08,1.4775746267551717e-07,22.163619401327576
41,0,"(10, 10)_7_7_osm",0.0,8.904694871461938e-08,0.0,0.0,8.904694871461938e-08,1.7809389742923877e-07,26.714084614385815
41,0,"(10, 10)_7_7_pcd",0.0,8.904694871461938e-08,0.0,0.0,8.904694871461938e-08,1.7809389742923877e-07,26.714084614385815
42,1,"(10, 10)_4_9_osm",0.0,3.640044205174714e-07,0.0,0.0,3.640044205174714e-07,7.280088410349428e-07,109.20132615524142
42,1,"(10, 10)_4_9_pcd",0.0,3.640044205174714e-07,0.0,0.0,3.640044205174714e-07,7.280088410349428e-07,109.20132615524142
43,2,"(10, 10)_6_9_osm",0.0,2.523270596279748e-07,0.0,0.0,2.523270596279748e-07,5.046541192559496e-07,75.69811788839243
43,2,"(10, 10)_6_9_pcd",0.0,2.523270596279748e-07,0.0,0.0,2.523270596279748e-07,5.046541192559496e-07,75.69811788839243
44,3,"(10, 10)_4_1_osm",0.0,1.0025389359859356e-06,0.0,0.0,1.0025389359859356e-06,2.005077871971871e-06,300.76168079578065
44,3,"(10, 10)_4_1_pcd",0.0,1.0025389359859356e-06,0.0,0.0,1.0025389359859356e-06,2.005077871971871e-06,300.76168079578065
45,4,"(10, 10)_6_7_osm",0.0,7.029259081244548e-08,0.0,0.0,7.029259081244548e-08,1.4058518162489097e-07,21.087777243733644
45,4,"(10, 10)_6_7_pcd",0.0,7.029259081244548e-08,0.0,0.0,7.029259081244548e-08,1.4058518162489097e-07,21.087777243733644
46,0,"(10, 10)_6_7_osm",0.0,8.170250685180871e-08,0.0,0.0,8.170250685180871e-08,1.6340501370361743e-07,24.510752055542614
46,0,"(10, 10)_6_7_pcd",0.0,8.170250685180871e-08,0.0,0.0,8.170250685180871e-08,1.6340501370361743e-07,24.510752055542614
47,1,"(10, 10)_4_9_osm",0.0,3.935086005593747e-07,0.0,0.0,3.935086005593747e-07,7.870172011187494e-07,118.05258016781242
47,1,"(10, 10)_4_9_pcd",0.0,3.935086005593747e-07,0.0,0.0,3.935086005593747e-07,7.870172011187494e-07,118.05258016781242
48,2,"(10, 10)_6_9_osm",0.0,2.467305325188354e-07,0.0,0.0,2.467305325188354e-07,4.934610650376708e-07,74.01915975565062
48,2,"(10, 10)_6_9_pcd",0.0,2.467305325188354e-07,0.0,0.0,2.467305325188354e-07,4.934610650376708e-07,74.01915975565062
49,3,"(10, 10)_4_1_osm",0.0,9.607017963832745e-07,0.0,0.0,9.607017963832745e-07,1.921403592766549e-06,288.21053891498235
49,3,"(10, 10)_4_1_pcd",0.0,9.607017963832745e-07,0.0,0.0,9.607017963832745e-07,1.921403592766549e-06,288.21053891498235
50,4,"(10, 10)_5_7_osm",0.0,7.727699752986874e-08,0.0,0.0,7.727699752986874e-08,1.5455399505973748e-07,23.18309925896062
50,4,"(10, 10)_5_7_pcd",0.0,7.727699752986874e-08,0.0,0.0,7.727699752986874e-08,1.5455399505973748e-07,23.18309925896062
51,0,"(10, 10)_6_7_osm",0.0,7.166010246992101e-08,0.0,0.0,7.166010246992101e-08,1.4332020493984202e-07,21.498030740976304
51,0,"(10, 10)_6_7_pcd",0.0,7.166010246992101e-08,0.0,0.0,7.166010246992101e-08,1.4332020493984202e-07,21.498030740976304
52,2,"(10, 10)_6_9_osm",0.0,2.450358640516533e-07,0.0,0.0,2.450358640516533e-07,4.900717281033066e-07,73.51075921549598
52,2,"(10, 10)_6_9_pcd",0.0,2.450358640516533e-07,0.0,0.0,2.450358640516533e-07,4.900717281033066e-07,73.51075921549598
53,3,"(10, 10)_4_1_osm",0.0,9.129084179797697e-07,0.0,0.0,9.129084179797697e-07,1.8258168359595394e-06,273.8725253939309
53,3,"(10, 10)_4_1_pcd",0.0,9.129084179797697e-07,0.0,0.0,9.129084179797697e-07,1.8258168359595394e-06,273.8725253939309
54,4,"(10, 10)_5_7_osm",0.0,8.631556665110186e-08,0.0,0.0,8.631556665110186e-08,1.726311333022037e-07,25.894669995330556
54,4,"(10, 10)_5_7_pcd",0.0,8.631556665110186e-08,0.0,0.0,8.631556665110186e-08,1.726311333022037e-07,25.894669995330556
55,5,"(10, 10)_9_7_osm",0.0,3.7326781372305037e-07,0.0,0.0,3.7326781372305037e-07,7.465356274461007e-07,111.9803441169151
55,5,"(10, 10)_9_7_pcd",0.0,3.7326781372305037e-07,0.0,0.0,3.7326781372305037e-07,7.465356274461007e-07,111.9803441169151
56,0,"(10, 10)_5_7_osm",0.0,7.376839675370267e-08,0.0,0.0,7.376839675370267e-08,1.4753679350740534e-07,22.1305190261108
56,0,"(10, 10)_5_7_pcd",0.0,7.376839675370267e-08,0.0,0.0,7.376839675370267e-08,1.4753679350740534e-07,22.1305190261108
57,2,"(10, 10)_7_9_osm",0.0,2.4287061082601175e-07,0.0,0.0,2.4287061082601175e-07,4.857412216520235e-07,72.86118324780352
57,2,"(10, 10)_7_9_pcd",0.0,2.4287061082601175e-07,0.0,0.0,2.4287061082601175e-07,4.857412216520235e-07,72.86118324780352
58,3,"(10, 10)_4_2_osm",0.0,8.58388790259306e-07,0.0,0.0,8.58388790259306e-07,1.716777580518612e-06,257.5166370777918
58,3,"(10, 10)_4_2_pcd",0.0,8.58388790259306e-07,0.0,0.0,8.58388790259306e-07,1.716777580518612e-06,257.5166370777918
59,4,"(10, 10)_5_7_osm",0.0,1.0358503062837131e-07,0.0,0.0,1.0358503062837131e-07,2.0717006125674263e-07,31.075509188511393
59,4,"(10, 10)_5_7_pcd",0.0,1.0358503062837131e-07,0.0,0.0,1.0358503062837131e-07,2.0717006125674263e-07,31.075509188511393
60,5,"(10, 10)_9_7_osm",0.0,3.664592210899718e-07,0.0,0.0,3.664592210899718e-07,7.329184421799436e-07,109.93776632699154
60,5,"(10, 10)_9_7_pcd",0.0,3.664592210899718e-07,0.0,0.0,3.664592210899718e-07,7.329184421799436e-07,109.93776632699154
61,0,"(10, 10)_5_7_osm",0.0,8.370001740775781e-08,0.0,0.0,8.370001740775781e-08,1.6740003481551561e-07,25.11000522232734
61,0,"(10, 10)_5_7_pcd",0.0,8.370001740775781e-08,0.0,0.0,8.370001740775781e-08,1.6740003481551561e-07,25.11000522232734
62,2,"(10, 10)_7_9_osm",0.0,2.2864800554012344e-07,0.0,0.0,2.2864800554012344e-07,4.572960110802469e-07,68.59440166203703
62,2,"(10, 10)_7_9_pcd",0.0,2.2864800554012344e-07,0.0,0.0,2.2864800554012344e-07,4.572960110802469e-07,68.59440166203703
63,3,"(10, 10)_4_2_osm",0.0,7.972012765930263e-07,0.0,0.0,7.972012765930263e-07,1.5944025531860527e-06,239.16038297790791
63,3,"(10, 10)_4_2_pcd",0.0,7.972012765930263e-07,0.0,0.0,7.972012765930263e-07,1.5944025531860527e-06,239.16038297790791
64,4,"(10, 10)_4_7_osm",0.0,1.3668705049185597e-07,0.0,0.0,1.3668705049185597e-07,2.7337410098371195e-07,41.00611514755679
64,4,"(10, 10)_4_7_pcd",0.0,1.3668705049185597e-07,0.0,0.0,1.3668705049185597e-07,2.7337410098371195e-07,41.00611514755679
65,5,"(10, 10)_9_7_osm",0.0,3.542452467451094e-07,0.0,0.0,3.542452467451094e-07,7.084904934902188e-07,106.27357402353283
65,5,"(10, 10)_9_7_pcd",0.0,3.542452467451094e-07,0.0,0.0,3.542452467451094e-07,7.084904934902188e-07,106.27357402353283
66,0,"(10, 10)_5_7_osm",0.0,8.939392015134723e-08,0.0,0.0,8.939392015134723e-08,1.7878784030269445e-07,26.81817604540417
66,0,"(10, 10)_5_7_pcd",0.0,8.939392015134723e-08,0.0,0.0,8.939392015134723e-08,1.7878784030269445e-07,26.81817604540417
67,2,"(10, 10)_7_9_osm",0.0,2.046725926737081e-07,0.0,0.0,2.046725926737081e-07,4.093451853474162e-07,61.40177780211243
67,2,"(10, 10)_7_9_pcd",0.0,2.046725926737081e-07,0.0,0.0,2.046725926737081e-07,4.093451853474162e-07,61.40177780211243
68,3,"(10, 10)_4_2_osm",0.0,7.316023458494469e-07,0.0,0.0,7.316023458494469e-07,1.4632046916988939e-06,219.48070375483408
68,3,"(10, 10)_4_2_pcd",0.0,7.316023458494469e-07,0.0,0.0,7.316023458494469e-07,1.4632046916988939e-06,219.48070375483408
69,4,"(10, 10)_4_8_osm",0.0,1.7546836001218634e-07,0.0,0.0,1.7546836001218634e-07,3.509367200243727e-07,52.6405080036559
69,4,"(10, 10)_4_8_pcd",0.0,1.7546836001218634e-07,0.0,0.0,1.7546836001218634e-07,3.509367200243727e-07,52.6405080036559
70,5,"(10, 10)_9_7_osm",0.0,3.343596962553214e-07,0.0,0.0,3.343596962553214e-07,6.687193925106428e-07,100.30790887659641
70,5,"(10, 10)_9_7_pcd",0.0,3.343596962553214e-07,0.0,0.0,3.343596962553214e-07,6.687193925106428e-07,100.30790887659641
71,0,"(10, 10)_5_7_osm",0.0,1.2176161785299054e-07,0.0,0.0,1.2176161785299054e-07,2.435232357059811e-07,36.52848535589716
71,0,"(10, 10)_5_7_pcd",0.0,1.2176161785299054e-07,0.0,0.0,1.2176161785299054e-07,2.435232357059811e-07,36.52848535589716
72,2,"(10, 10)_6_8_osm",0.0,1.7679917850305266e-07,0.0,0.0,1.7679917850305266e-07,3.535983570061053e-07,53.0397535509158
72,2,"(10, 10)_6_8_pcd",0.0,1.7679917850305266e-07,0.0,0.0,1.7679917850305266e-07,3.535983570061053e-07,53.0397535509158
73,3,"(10, 10)_4_3_osm",0.0,6.602804334333948e-07,0.0,0.0,6.602804334333948e-07,1.3205608668667896e-06,198.08413003001843
73,3,"(10, 10)_4_3_pcd",0.0,6.602804334333948e-07,0.0,0.0,6.602804334333948e-07,1.3205608668667896e-06,198.08413003001843
74,4,"(10, 10)_4_8_osm",0.0,2.2807622372761215e-07,0.0,0.0,2.2807622372761215e-07,4.561524474552243e-07,68.42286711828365
74,4,"(10, 10)_4_8_pcd",0.0,2.2807622372761215e-07,0.0,0.0,2.2807622372761215e-07,4.561524474552243e-07,68.42286711828365
75,5,"(10, 10)_9_7_osm",0.0,3.0907297422153765e-07,0.0,0.0,3.0907297422153765e-07,6.181459484430753e-07,92.7218922664613
75,5,"(10, 10)_9_7_pcd",0.0,3.0907297422153765e-07,0.0,0.0,3.0907297422153765e-07,6.181459484430753e-07,92.7218922664613
76,0,"(10, 10)_4_8_osm",0.0,1.5965581444315694e-07,0.0,0.0,1.5965581444315694e-07,3.193116288863139e-07,47.89674433294708
76,0,"(10, 10)_4_8_pcd",0.0,1.5965581444315694e-07,0.0,0.0,1.5965581444315694e-07,3.193116288863139e-07,47.89674433294708
77,2,"(10, 10)_6_8_osm",0.0,1.5011556382789894e-07,0.0,0.0,1.5011556382789894e-07,3.002311276557979e-07,45.03466914836969
77,2,"(10, 10)_6_8_pcd",0.0,1.5011556382789894e-07,0.0,0.0,1.5011556382789894e-07,3.002311276557979e-07,45.03466914836969
78,3,"(10, 10)_4_3_osm",0.0,5.852138421750247e-07,0.0,0.0,5.852138421750247e-07,1.1704276843500494e-06,175.5641526525074
78,3,"(10, 10)_4_3_pcd",0.0,5.852138421750247e-07,0.0,0.0,5.852138421750247e-07,1.1704276843500494e-06,175.5641526525074
79,4,"(10, 10)_3_8_osm",0.0,2.809684532089277e-07,0.0,0.0,2.809684532089277e-07,5.619369064178554e-07,84.29053596267832
79,4,"(10, 10)_3_8_pcd",0.0,2.809684532089277e-07,0.0,0.0,2.809684532089277e-07,5.619369064178554e-07,84.29053596267832
80,5,"(10, 10)_8_7_osm",0.0,2.7765862048469516e-07,0.0,0.0,2.7765862048469516e-07,5.553172409693903e-07,83.29758614540854
80,5,"(10, 10)_8_7_pcd",0.0,2.7765862048469516e-07,0.0,0.0,2.7765862048469516e-07,5.553172409693903e-07,83.29758614540854
81,0,"(10, 10)_4_8_osm",0.0,2.1470449624190246e-07,0.0,0.0,2.1470449624190246e-07,4.294089924838049e-07,64.41134887257074
81,0,"(10, 10)_4_8_pcd",0.0,2.1470449624190246e-07,0.0,0.0,2.1470449624190246e-07,4.294089924838049e-07,64.41134887257074
82,2,"(10, 10)_6_8_osm",0.0,1.328725073370811e-07,0.0,0.0,1.328725073370811e-07,2.657450146741622e-07,39.861752201124325
82,2,"(10, 10)_6_8_pcd",0.0,1.328725073370811e-07,0.0,0.0,1.328725073370811e-07,2.657450146741622e-07,39.861752201124325
83,3,"(10, 10)_4_4_osm",0.0,5.059847343599997e-07,0.0,0.0,5.059847343599997e-07,1.0119694687199994e-06,151.7954203079999
83,3,"(10, 10)_4_4_pcd",0.0,5.059847343599997e-07,0.0,0.0,5.059847343599997e-07,1.0119694687199994e-06,151.7954203079999
84,4,"(10, 10)_3_8_osm",0.0,3.2070652827489943e-07,0.0,0.0,3.2070652827489943e-07,6.414130565497989e-07,96.21195848246983
84,4,"(10, 10)_3_8_pcd",0.0,3.2070652827489943e-07,0.0,0.0,3.2070652827489943e-07,6.414130565497989e-07,96.21195848246983
85,5,"(10, 10)_8_7_osm",0.0,2.4441766784018884e-07,0.0,0.0,2.4441766784018884e-07,4.888353356803777e-07,73.32530035205664
85,5,"(10, 10)_8_7_pcd",0.0,2.4441766784018884e-07,0.0,0.0,2.4441766784018884e-07,4.888353356803777e-07,73.32530035205664
86,0,"(10, 10)_3_8_osm",0.0,2.620422937192207e-07,0.0,0.0,2.620422937192207e-07,5.240845874384414e-07,78.6126881157662
86,0,"(10, 10)_3_8_pcd",0.0,2.620422937192207e-07,0.0,0.0,2.620422937192207e-07,5.240845874384414e-07,78.6126881157662
87,2,"(10, 10)_6_8_osm",0.0,1.1621291555086244e-07,0.0,0.0,1.1621291555086244e-07,2.324258311017249e-07,34.863874665258734
87,2,"(10, 10)_6_8_pcd",0.0,1.1621291555086244e-07,0.0,0.0,1.1621291555086244e-07,2.324258311017249e-07,34.863874665258734
88,3,"(10, 10)_5_4_osm",0.0,4.3229210407134026e-07,0.0,0.0,4.3229210407134026e-07,8.645842081426805e-07,129.68763122140209
88,3,"(10, 10)_5_4_pcd",0.0,4.3229210407134026e-07,0.0,0.0,4.3229210407134026e-07,8.645842081426805e-07,129.68763122140209
89,4,"(10, 10)_3_8_osm",0.0,3.4660912943630463e-07,0.0,0.0,3.4660912943630463e-07,6.932182588726093e-07,103.98273883089139
89,4,"(10, 10)_3_8_pcd",0.0,3.4660912943630463e-07,0.0,0.0,3.4660912943630463e-07,6.932182588726093e-07,103.98273883089139
90,5,"(10, 10)_8_7_osm",0.0,2.0722105430038301e-07,0.0,0.0,2.0722105430038301e-07,4.1444210860076603e-07,62.16631629011491
90,5,"(10, 10)_8_7_pcd",0.0,2.0722105430038301e-07,0.0,0.0,2.0722105430038301e-07,4.1444210860076603e-07,62.16631629011491
91,0,"(10, 10)_3_8_osm",0.0,2.9894121701525646e-07,0.0,0.0,2.9894121701525646e-07,5.978824340305129e-07,89.68236510457693
91,0,"(10, 10)_3_8_pcd",0.0,2.9894121701525646e-07,0.0,0.0,2.9894121701525646e-07,5.978824340305129e-07,89.68236510457693
92,2,"(10, 10)_6_8_osm",0.0,1.0750999693884879e-07,0.0,0.0,1.0750999693884879e-07,2.1501999387769758e-07,32.252999081654636
92,2,"(10, 10)_6_8_pcd",0.0,1.0750999693884879e-07,0.0,0.0,1.0750999693884879e-07,2.1501999387769758e-07,32.252999081654636
93,3,"(10, 10)_5_5_osm",0.0,3.7076198848257095e-07,0.0,0.0,3.7076198848257095e-07,7.415239769651419e-07,111.22859654477129
93,3,"(10, 10)_5_5_pcd",0.0,3.7076198848257095e-07,0.0,0.0,3.7076198848257095e-07,7.415239769651419e-07,111.22859654477129
94,4,"(10, 10)_2_8_osm",0.0,3.6284045979917173e-07,0.0,0.0,3.6284045979917173e-07,7.256809195983435e-07,108.85213793975151
94,4,"(10, 10)_2_8_pcd",0.0,3.6284045979917173e-07,0.0,0.0,3.6284045979917173e-07,7.256809195983435e-07,108.85213793975151
95,5,"(10, 10)_8_7_osm",0.0,1.819085121737992e-07,0.0,0.0,1.819085121737992e-07,3.638170243475984e-07,54.57255365213976
95,5,"(10, 10)_8_7_pcd",0.0,1.819085121737992e-07,0.0,0.0,1.819085121737992e-07,3.638170243475984e-07,54.57255365213976
96,0,"(10, 10)_3_8_osm",0.0,3.268076587263178e-07,0.0,0.0,3.268076587263178e-07,6.536153174526356e-07,98.04229761789534
96,0,"(10, 10)_3_8_pcd",0.0,3.268076587263178e-07,0.0,0.0,3.268076587263178e-07,6.536153174526356e-07,98.04229761789534
97,2,"(10, 10)_6_8_osm",0.0,9.790884522382656e-08,0.0,0.0,9.790884522382656e-08,1.9581769044765313e-07,29.372653567147967
97,2,"(10, 10)_6_8_pcd",0.0,9.790884522382656e-08,0.0,0.0,9.790884522382656e-08,1.9581769044765313e-07,29.372653567147967
98,3,"(10, 10)_5_5_osm",0.0,3.1951187267092563e-07,0.0,0.0,3.1951187267092563e-07,6.390237453418513e-07,95.85356180127769
98,3,"(10, 10)_5_5_pcd",0.0,3.1951187267092563e-07,0.0,0.0,3.1951187267092563e-07,6.390237453418513e-07,95.85356180127769
99,4,"(10, 10)_2_8_osm",0.0,3.6572423402436837e-07,0.0,0.0,3.6572423402436837e-07,7.314484680487367e-07,109.7172702073105
99,4,"(10, 10)_2_8_pcd",0.0,3.6572423402436837e-07,0.0,0.0,3.6572423402436837e-07,7.314484680487367e-07,109.7172702073105
100,5,"(10, 10)_7_7_osm",0.0,1.7069315805676208e-07,0.0,0.0,1.7069315805676208e-07,3.4138631611352417e-07,51.20794741702863
100,5,"(10, 10)_7_7_pcd",0.0,1.7069315805676208e-07,0.0,0.0,1.7069315805676208e-07,3.4138631611352417e-07,51.20794741702863
101,2,"(10, 10)_6_8_osm",0.0,8.620099876294992e-08,0.0,0.0,8.620099876294992e-08,1.7240199752589983e-07,25.860299628884974
101,2,"(10, 10)_6_8_pcd",0.0,8.620099876294992e-08,0.0,0.0,8.620099876294992e-08,1.7240199752589983e-07,25.860299628884974
102,3,"(10, 10)_5_5_osm",0.0,2.802632671282518e-07,0.0,0.0,2.802632671282518e-07,5.605265342565036e-07,84.07898013847553
102,3,"(10, 10)_5_5_pcd",0.0,2.802632671282518e-07,0.0,0.0,2.802632671282518e-07,5.605265342565036e-07,84.07898013847553
103,4,"(10, 10)_2_8_osm",0.0,3.6388456505652223e-07,0.0,0.0,3.6388456505652223e-07,7.277691301130445e-07,109.16536951695667
103,4,"(10, 10)_2_8_pcd",0.0,3.6388456505652223e-07,0.0,0.0,3.6388456505652223e-07,7.277691301130445e-07,109.16536951695667
104,5,"(10, 10)_7_7_osm",0.0,1.6480176681217065e-07,0.0,0.0,1.6480176681217065e-07,3.296035336243413e-07,49.440530043651194
104,5,"(10, 10)_7_7_pcd",0.0,1.6480176681217065e-07,0.0,0.0,1.6480176681217065e-07,3.296035336243413e-07,49.440530043651194
105,6,"(10, 10)_3_9_osm",0.0,3.76770190500159e-07,0.0,0.0,3.76770190500159e-07,7.53540381000318e-07,113.0310571500477
105,6,"(10, 10)_3_9_pcd",0.0,3.76770190500159e-07,0.0,0.0,3.76770190500159e-07,7.53540381000318e-07,113.0310571500477
106,2,"(10, 10)_7_8_osm",0.0,8.462200796035374e-08,0.0,0.0,8.462200796035374e-08,1.6924401592070748e-07,25.386602388106123
106,2,"(10, 10)_7_8_pcd",0.0,8.462200796035374e-08,0.0,0.0,8.462200796035374e-08,1.6924401592070748e-07,25.386602388106123
107,3,"(10, 10)_5_6_osm",0.0,2.526233212601756e-07,0.0,0.0,2.526233212601756e-07,5.052466425203512e-07,75.78699637805269
107,3,"(10, 10)_5_6_pcd",0.0,2.526233212601756e-07,0.0,0.0,2.526233212601756e-07,5.052466425203512e-07,75.78699637805269
108,4,"(10, 10)_3_8_osm",0.0,3.632270531277064e-07,0.0,0.0,3.632270531277064e-07,7.264541062554128e-07,108.96811593831193
108,4,"(10, 10)_3_8_pcd",0.0,3.632270531277064e-07,0.0,0.0,3.632270531277064e-07,7.264541062554128e-07,108.96811593831193
109,5,"(10, 10)_7_7_osm",0.0,1.7181807251950006e-07,0.0,0.0,1.7181807251950006e-07,3.436361450390001e-07,51.545421755850015
109,5,"(10, 10)_7_7_pcd",0.0,1.7181807251950006e-07,0.0,0.0,1.7181807251950006e-07,3.436361450390001e-07,51.545421755850015
110,6,"(10, 10)_3_9_osm",0.0,3.7616522952822983e-07,0.0,0.0,3.7616522952822983e-07,7.523304590564597e-07,112.84956885846894
110,6,"(10, 10)_3_9_pcd",0.0,3.7616522952822983e-07,0.0,0.0,3.7616522952822983e-07,7.523304590564597e-07,112.84956885846894
111,2,"(10, 10)_7_7_osm",0.0,9.009770607643561e-08,0.0,0.0,9.009770607643561e-08,1.8019541215287123e-07,27.029311822930683
111,2,"(10, 10)_7_7_pcd",0.0,9.009770607643561e-08,0.0,0.0,9.009770607643561e-08,1.8019541215287123e-07,27.029311822930683
112,3,"(10, 10)_5_6_osm",0.0,2.3836391939294642e-07,0.0,0.0,2.3836391939294642e-07,4.7672783878589284e-07,71.50917581788393
112,3,"(10, 10)_5_6_pcd",0.0,2.3836391939294642e-07,0.0,0.0,2.3836391939294642e-07,4.7672783878589284e-07,71.50917581788393
113,4,"(10, 10)_3_9_osm",0.0,3.6492030840217883e-07,0.0,0.0,3.6492030840217883e-07,7.298406168043577e-07,109.47609252065365
113,4,"(10, 10)_3_9_pcd",0.0,3.6492030840217883e-07,0.0,0.0,3.6492030840217883e-07,7.298406168043577e-07,109.47609252065365
114,5,"(10, 10)_8_7_osm",0.0,1.8692380814283213e-07,0.0,0.0,1.8692380814283213e-07,3.7384761628566425e-07,56.077142442849635
114,5,"(10, 10)_8_7_pcd",0.0,1.8692380814283213e-07,0.0,0.0,1.8692380814283213e-07,3.7384761628566425e-07,56.077142442849635
115,6,"(10, 10)_3_9_osm",0.0,3.751965900314521e-07,0.0,0.0,3.751965900314521e-07,7.503931800629042e-07,112.55897700943564
115,6,"(10, 10)_3_9_pcd",0.0,3.751965900314521e-07,0.0,0.0,3.751965900314521e-07,7.503931800629042e-07,112.55897700943564
116,2,"(10, 10)_7_7_osm",0.0,9.417897921090495e-08,0.0,0.0,9.417897921090495e-08,1.883579584218099e-07,28.253693763271485
116,2,"(10, 10)_7_7_pcd",0.0,9.417897921090495e-08,0.0,0.0,9.417897921090495e-08,1.883579584218099e-07,28.253693763271485
117,3,"(10, 10)_5_6_osm",0.0,2.374196812295276e-07,0.0,0.0,2.374196812295276e-07,4.748393624590552e-07,71.22590436885828
117,3,"(10, 10)_5_6_pcd",0.0,2.374196812295276e-07,0.0,0.0,2.374196812295276e-07,4.748393624590552e-07,71.22590436885828
118,4,"(10, 10)_3_9_osm",0.0,3.6780327902676966e-07,0.0,0.0,3.6780327902676966e-07,7.356065580535393e-07,110.3409837080309
118,4,"(10, 10)_3_9_pcd",0.0,3.6780327902676966e-07,0.0,0.0,3.6780327902676966e-07,7.356065580535393e-07,110.3409837080309
119,5,"(10, 10)_8_7_osm",0.0,2.0766240507483815e-07,0.0,0.0,2.0766240507483815e-07,4.153248101496763e-07,62.298721522451444
119,5,"(10, 10)_8_7_pcd",0.0,2.0766240507483815e-07,0.0,0.0,2.0766240507483815e-07,4.153248101496763e-07,62.298721522451444
120,6,"(10, 10)_3_9_osm",0.0,3.7399244074476895e-07,0.0,0.0,3.7399244074476895e-07,7.479848814895379e-07,112.19773222343069
120,6,"(10, 10)_3_9_pcd",0.0,3.7399244074476895e-07,0.0,0.0,3.7399244074476895e-07,7.479848814895379e-07,112.19773222343069
121,2,"(10, 10)_7_7_osm",0.0,1.1703099892839755e-07,0.0,0.0,1.1703099892839755e-07,2.340619978567951e-07,35.109299678519264
121,2,"(10, 10)_7_7_pcd",0.0,1.1703099892839755e-07,0.0,0.0,1.1703099892839755e-07,2.340619978567951e-07,35.109299678519264
122,3,"(10, 10)_6_6_osm",0.0,2.42734014562075e-07,0.0,0.0,2.42734014562075e-07,4.8546802912415e-07,72.8202043686225
122,3,"(10, 10)_6_6_pcd",0.0,2.42734014562075e-07,0.0,0.0,2.42734014562075e-07,4.8546802912415e-07,72.8202043686225
123,4,"(10, 10)_3_9_osm",0.0,3.7127855105999774e-07,0.0,0.0,3.7127855105999774e-07,7.425571021199955e-07,111.38356531799933
123,4,"(10, 10)_3_9_pcd",0.0,3.7127855105999774e-07,0.0,0.0,3.7127855105999774e-07,7.425571021199955e-07,111.38356531799933
124,5,"(10, 10)_8_7_osm",0.0,2.3507260779718602e-07,0.0,0.0,2.3507260779718602e-07,4.7014521559437204e-07,70.5217823391558
124,5,"(10, 10)_8_7_pcd",0.0,2.3507260779718602e-07,0.0,0.0,2.3507260779718602e-07,4.7014521559437204e-07,70.5217823391558
125,6,"(10, 10)_2_8_osm",0.0,3.734864177220369e-07,0.0,0.0,3.734864177220369e-07,7.469728354440738e-07,112.04592531661106
125,6,"(10, 10)_2_8_pcd",0.0,3.734864177220369e-07,0.0,0.0,3.734864177220369e-07,7.469728354440738e-07,112.04592531661106
126,2,"(10, 10)_7_7_osm",0.0,1.4832365936813466e-07,0.0,0.0,1.4832365936813466e-07,2.966473187362693e-07,44.497097810440394
126,2,"(10, 10)_7_7_pcd",0.0,1.4832365936813466e-07,0.0,0.0,1.4832365936813466e-07,2.966473187362693e-07,44.497097810440394
127,3,"(10, 10)_6_6_osm",0.0,2.5398654471630995e-07,0.0,0.0,2.5398654471630995e-07,5.079730894326199e-07,76.19596341489299
127,3,"(10, 10)_6_6_pcd",0.0,2.5398654471630995e-07,0.0,0.0,2.5398654471630995e-07,5.079730894326199e-07,76.19596341489299
128,4,"(10, 10)_3_9_osm",0.0,3.777628867198859e-07,0.0,0.0,3.777628867198859e-07,7.555257734397718e-07,113.32886601596577
128,4,"(10, 10)_3_9_pcd",0.0,3.777628867198859e-07,0.0,0.0,3.777628867198859e-07,7.555257734397718e-07,113.32886601596577
129,5,"(10, 10)_8_7_osm",0.0,2.700149572022428e-07,0.0,0.0,2.700149572022428e-07,5.400299144044856e-07,81.00448716067284
129,5,"(10, 10)_8_7_pcd",0.0,2.700149572022428e-07,0.0,0.0,2.700149572022428e-07,5.400299144044856e-07,81.00448716067284
130,6,"(10, 10)_2_8_osm",0.0,3.746677343836766e-07,0.0,0.0,3.746677343836766e-07,7.493354687673532e-07,112.40032031510297
130,6,"(10, 10)_2_8_pcd",0.0,3.746677343836766e-07,0.0,0.0,3.746677343836766e-07,7.493354687673532e-07,112.40032031510297
131,2,"(10, 10)_8_7_osm",0.0,1.8761709489487226e-07,0.0,0.0,1.8761709489487226e-07,3.752341897897445e-07,56.28512846846168
131,2,"(10, 10)_8_7_pcd",0.0,1.8761709489487226e-07,0.0,0.0,1.8761709489487226e-07,3.752341897897445e-07,56.28512846846168
132,3,"(10, 10)_6_5_osm",0.0,2.736379669780497e-07,0.0,0.0,2.736379669780497e-07,5.472759339560994e-07,82.09139009341492
132,3,"(10, 10)_6_5_pcd",0.0,2.736379669780497e-07,0.0,0.0,2.736379669780497e-07,5.472759339560994e-07,82.09139009341492
133,4,"(10, 10)_3_9_osm",0.0,3.77741429555202e-07,0.0,0.0,3.77741429555202e-07,7.55482859110404e-07,113.32242886656059
133,4,"(10, 10)_3_9_pcd",0.0,3.77741429555202e-07,0.0,0.0,3.77741429555202e-07,7.55482859110404e-07,113.32242886656059
134,5,"(10, 10)_9_7_osm",0.0,3.0434481122075766e-07,0.0,0.0,3.0434481122075766e-07,6.086896224415153e-07,91.3034433662273
134,5,"(10, 10)_9_7_pcd",0.0,3.0434481122075766e-07,0.0,0.0,3.0434481122075766e-07,6.086896224415153e-07,91.3034433662273
135,6,"(10, 10)_2_8_osm",0.0,3.760651439663441e-07,0.0,0.0,3.760651439663441e-07,7.521302879326882e-07,112.81954318990324
135,6,"(10, 10)_2_8_pcd",0.0,3.760651439663441e-07,0.0,0.0,3.760651439663441e-07,7.521302879326882e-07,112.81954318990324
136,2,"(10, 10)_8_7_osm",0.0,2.3268551126946272e-07,0.0,0.0,2.3268551126946272e-07,4.6537102253892545e-07,69.80565338083882
136,2,"(10, 10)_8_7_pcd",0.0,2.3268551126946272e-07,0.0,0.0,2.3268551126946272e-07,4.6537102253892545e-07,69.80565338083882
137,3,"(10, 10)_7_5_osm",0.0,2.999271100426838e-07,0.0,0.0,2.999271100426838e-07,5.998542200853676e-07,89.97813301280515
137,3,"(10, 10)_7_5_pcd",0.0,2.999271100426838e-07,0.0,0.0,2.999271100426838e-07,5.998542200853676e-07,89.97813301280515
138,4,"(10, 10)_3_9_osm",0.0,3.7573942306213693e-07,0.0,0.0,3.7573942306213693e-07,7.514788461242739e-07,112.72182691864109
138,4,"(10, 10)_3_9_pcd",0.0,3.7573942306213693e-07,0.0,0.0,3.7573942306213693e-07,7.514788461242739e-07,112.72182691864109
139,5,"(10, 10)_9_7_osm",0.0,3.4166042169250285e-07,0.0,0.0,3.4166042169250285e-07,6.833208433850057e-07,102.49812650775085
139,5,"(10, 10)_9_7_pcd",0.0,3.4166042169250285e-07,0.0,0.0,3.4166042169250285e-07,6.833208433850057e-07,102.49812650775085
140,6,"(10, 10)_2_8_osm",0.0,3.7374505889746173e-07,0.0,0.0,3.7374505889746173e-07,7.474901177949235e-07,112.12351766923852
140,6,"(10, 10)_2_8_pcd",0.0,3.7374505889746173e-07,0.0,0.0,3.7374505889746173e-07,7.474901177949235e-07,112.12351766923852
141,2,"(10, 10)_8_7_osm",0.0,2.762349949378848e-07,0.0,0.0,2.762349949378848e-07,5.524699898757696e-07,82.87049848136543
141,2,"(10, 10)_8_7_pcd",0.0,2.762349949378848e-07,0.0,0.0,2.762349949378848e-07,5.524699898757696e-07,82.87049848136543
142,3,"(10, 10)_7_5_osm",0.0,3.309687914316883e-07,0.0,0.0,3.309687914316883e-07,6.619375828633766e-07,99.29063742950649
142,3,"(10, 10)_7_5_pcd",0.0,3.309687914316883e-07,0.0,0.0,3.309687914316883e-07,6.619375828633766e-07,99.29063742950649
143,4,"(10, 10)_3_9_osm",0.0,3.7404199251285654e-07,0.0,0.0,3.7404199251285654e-07,7.480839850257131e-07,112.21259775385695
143,4,"(10, 10)_3_9_pcd",0.0,3.7404199251285654e-07,0.0,0.0,3.7404199251285654e-07,7.480839850257131e-07,112.21259775385695
144,5,"(10, 10)_9_6_osm",0.0,3.7009594377522876e-07,0.0,0.0,3.7009594377522876e-07,7.401918875504575e-07,111.02878313256863
144,5,"(10, 10)_9_6_pcd",0.0,3.7009594377522876e-07,0.0,0.0,3.7009594377522876e-07,7.401918875504575e-07,111.02878313256863
145,6,"(10, 10)_2_8_osm",0.0,3.533415342357177e-07,0.0,0.0,3.533415342357177e-07,7.066830684714354e-07,106.0024602707153
145,6,"(10, 10)_2_8_pcd",0.0,3.533415342357177e-07,0.0,0.0,3.533415342357177e-07,7.066830684714354e-07,106.0024602707153
146,2,"(10, 10)_9_7_osm",0.0,3.15518697951946e-07,0.0,0.0,3.15518697951946e-07,6.31037395903892e-07,94.6556093855838
146,2,"(10, 10)_9_7_pcd",0.0,3.15518697951946e-07,0.0,0.0,3.15518697951946e-07,6.31037395903892e-07,94.6556093855838
147,3,"(10, 10)_8_5_osm",0.0,3.6451730020460884e-07,0.0,0.0,3.6451730020460884e-07,7.290346004092177e-07,109.35519006138266
147,3,"(10, 10)_8_5_pcd",0.0,3.6451730020460884e-07,0.0,0.0,3.6451730020460884e-07,7.290346004092177e-07,109.35519006138266
148,4,"(10, 10)_2_8_osm",0.0,3.7351255843494123e-07,0.0,0.0,3.7351255843494123e-07,7.470251168698825e-07,112.05376753048238
148,4,"(10, 10)_2_8_pcd",0.0,3.7351255843494123e-07,0.0,0.0,3.7351255843494123e-07,7.470251168698825e-07,112.05376753048238
149,5,"(10, 10)_9_6_osm",0.0,3.846704159524194e-07,0.0,0.0,3.846704159524194e-07,7.693408319048388e-07,115.40112478572581
149,5,"(10, 10)_9_6_pcd",0.0,3.846704159524194e-07,0.0,0.0,3.846704159524194e-07,7.693408319048388e-07,115.40112478572581
150,6,"(10, 10)_3_8_osm",0.0,3.2708892780192037e-07,0.0,0.0,3.2708892780192037e-07,6.541778556038407e-07,98.1266783405761
150,6,"(10, 10)_3_8_pcd",0.0,3.2708892780192037e-07,0.0,0.0,3.2708892780192037e-07,6.541778556038407e-07,98.1266783405761
151,2,"(10, 10)_9_7_osm",0.0,3.43925523247353e-07,0.0,0.0,3.43925523247353e-07,6.87851046494706e-07,103.1776569742059
151,2,"(10, 10)_9_7_pcd",0.0,3.43925523247353e-07,0.0,0.0,3.43925523247353e-07,6.87851046494706e-07,103.1776569742059
152,3,"(10, 10)_8_5_osm",0.0,3.967013754765022e-07,0.0,0.0,3.967013754765022e-07,7.934027509530044e-07,119.01041264295066
152,3,"(10, 10)_8_5_pcd",0.0,3.967013754765022e-07,0.0,0.0,3.967013754765022e-07,7.934027509530044e-07,119.01041264295066
153,4,"(10, 10)_2_8_osm",0.0,3.752504628741546e-07,0.0,0.0,3.752504628741546e-07,7.505009257483092e-07,112.57513886224638
153,4,"(10, 10)_2_8_pcd",0.0,3.752504628741546e-07,0.0,0.0,3.752504628741546e-07,7.505009257483092e-07,112.57513886224638
154,5,"(10, 10)_9_6_osm",0.0,3.9385429781055136e-07,0.0,0.0,3.9385429781055136e-07,7.877085956211027e-07,118.15628934316541
154,5,"(10, 10)_9_6_pcd",0.0,3.9385429781055136e-07,0.0,0.0,3.9385429781055136e-07,7.877085956211027e-07,118.15628934316541
155,6,"(10, 10)_3_8_osm",0.0,2.950367557331509e-07,0.0,0.0,2.950367557331509e-07,5.900735114663018e-07,88.51102671994528
155,6,"(10, 10)_3_8_pcd",0.0,2.950367557331509e-07,0.0,0.0,2.950367557331509e-07,5.900735114663018e-07,88.51102671994528
156,2,"(10, 10)_9_6_osm",0.0,3.7676038592594075e-07,0.0,0.0,3.7676038592594075e-07,7.535207718518815e-07,113.02811577778223
156,2,"(10, 10)_9_6_pcd",0.0,3.7676038592594075e-07,0.0,0.0,3.7676038592594075e-07,7.535207718518815e-07,113.02811577778223
157,3,"(10, 10)_8_5_osm",0.0,4.1797171566563423e-07,0.0,0.0,4.1797171566563423e-07,8.359434313312685e-07,125.39151469969026
157,3,"(10, 10)_8_5_pcd",0.0,4.1797171566563423e-07,0.0,0.0,4.1797171566563423e-07,8.359434313312685e-07,125.39151469969026
158,5,"(10, 10)_9_6_osm",0.0,3.936147484747238e-07,0.0,0.0,3.936147484747238e-07,7.872294969494476e-07,118.08442454241714
158,5,"(10, 10)_9_6_pcd",0.0,3.936147484747238e-07,0.0,0.0,3.936147484747238e-07,7.872294969494476e-07,118.08442454241714
159,6,"(10, 10)_3_8_osm",0.0,2.549243042962869e-07,0.0,0.0,2.549243042962869e-07,5.098486085925738e-07,76.47729128888606
159,6,"(10, 10)_3_8_pcd",0.0,2.549243042962869e-07,0.0,0.0,2.549243042962869e-07,5.098486085925738e-07,76.47729128888606
160,7,"(10, 10)_7_8_osm",0.0,1.8001500825738847e-07,0.0,0.0,1.8001500825738847e-07,3.6003001651477695e-07,54.00450247721654
160,7,"(10, 10)_7_8_pcd",0.0,1.8001500825738847e-07,0.0,0.0,1.8001500825738847e-07,3.6003001651477695e-07,54.00450247721654
161,3,"(10, 10)_9_5_osm",0.0,4.2905073419105274e-07,0.0,0.0,4.2905073419105274e-07,8.581014683821055e-07,128.71522025731582
161,3,"(10, 10)_9_5_pcd",0.0,4.2905073419105274e-07,0.0,0.0,4.2905073419105274e-07,8.581014683821055e-07,128.71522025731582
162,5,"(10, 10)_9_6_osm",0.0,3.930818628062726e-07,0.0,0.0,3.930818628062726e-07,7.861637256125452e-07,117.92455884188179
162,5,"(10, 10)_9_6_pcd",0.0,3.930818628062726e-07,0.0,0.0,3.930818628062726e-07,7.861637256125452e-07,117.92455884188179
163,6,"(10, 10)_4_8_osm",0.0,2.1109006456624858e-07,0.0,0.0,2.1109006456624858e-07,4.2218012913249716e-07,63.32701936987458
163,6,"(10, 10)_4_8_pcd",0.0,2.1109006456624858e-07,0.0,0.0,2.1109006456624858e-07,4.2218012913249716e-07,63.32701936987458
164,7,"(10, 10)_7_8_osm",0.0,1.82947644437451e-07,0.0,0.0,1.82947644437451e-07,3.65895288874902e-07,54.8842933312353
164,7,"(10, 10)_7_8_pcd",0.0,1.82947644437451e-07,0.0,0.0,1.82947644437451e-07,3.65895288874902e-07,54.8842933312353
165,8,"(10, 10)_9_7_osm",0.0,3.7326781372305037e-07,0.0,0.0,3.7326781372305037e-07,7.465356274461007e-07,111.9803441169151
165,8,"(10, 10)_9_7_pcd",0.0,3.7326781372305037e-07,0.0,0.0,3.7326781372305037e-07,7.465356274461007e-07,111.9803441169151
166,3,"(10, 10)_9_5_osm",0.0,4.3618942441418605e-07,0.0,0.0,4.3618942441418605e-07,8.723788488283721e-07,130.85682732425582
166,3,"(10, 10)_9_5_pcd",0.0,4.3618942441418605e-07,0.0,0.0,4.3618942441418605e-07,8.723788488283721e-07,130.85682732425582
167,5,"(10, 10)_9_6_osm",0.0,3.9401436671672373e-07,0.0,0.0,3.9401436671672373e-07,7.880287334334475e-07,118.20431001501711
167,5,"(10, 10)_9_6_pcd",0.0,3.9401436671672373e-07,0.0,0.0,3.9401436671672373e-07,7.880287334334475e-07,118.20431001501711
168,6,"(10, 10)_4_8_osm",0.0,1.7965312108343072e-07,0.0,0.0,1.7965312108343072e-07,3.5930624216686145e-07,53.89593632502922
168,6,"(10, 10)_4_8_pcd",0.0,1.7965312108343072e-07,0.0,0.0,1.7965312108343072e-07,3.5930624216686145e-07,53.89593632502922
169,7,"(10, 10)_7_8_osm",0.0,1.9155992276126788e-07,0.0,0.0,1.9155992276126788e-07,3.8311984552253576e-07,57.467976828380365
169,7,"(10, 10)_7_8_pcd",0.0,1.9155992276126788e-07,0.0,0.0,1.9155992276126788e-07,3.8311984552253576e-07,57.467976828380365
170,8,"(10, 10)_9_7_osm",0.0,3.680282654182648e-07,0.0,0.0,3.680282654182648e-07,7.360565308365296e-07,110.40847962547944
170,8,"(10, 10)_9_7_pcd",0.0,3.680282654182648e-07,0.0,0.0,3.680282654182648e-07,7.360565308365296e-07,110.40847962547944
171,3,"(10, 10)_9_5_osm",0.0,4.3110448272486093e-07,0.0,0.0,4.3110448272486093e-07,8.622089654497219e-07,129.33134481745827
171,3,"(10, 10)_9_5_pcd",0.0,4.3110448272486093e-07,0.0,0.0,4.3110448272486093e-07,8.622089654497219e-07,129.33134481745827
172,6,"(10, 10)_4_8_osm",0.0,1.6286093110300302e-07,0.0,0.0,1.6286093110300302e-07,3.2572186220600605e-07,48.858279330900906
172,6,"(10, 10)_4_8_pcd",0.0,1.6286093110300302e-07,0.0,0.0,1.6286093110300302e-07,3.2572186220600605e-07,48.858279330900906
173,7,"(10, 10)_7_8_osm",0.0,2.0484543670759653e-07,0.0,0.0,2.0484543670759653e-07,4.0969087341519305e-07,61.45363101227896
173,7,"(10, 10)_7_8_pcd",0.0,2.0484543670759653e-07,0.0,0.0,2.0484543670759653e-07,4.0969087341519305e-07,61.45363101227896
174,8,"(10, 10)_9_7_osm",0.0,3.544190709978506e-07,0.0,0.0,3.544190709978506e-07,7.088381419957012e-07,106.32572129935518
174,8,"(10, 10)_9_7_pcd",0.0,3.544190709978506e-07,0.0,0.0,3.544190709978506e-07,7.088381419957012e-07,106.32572129935518
175,9,"(10, 10)_4_7_osm",0.0,1.4254763302411247e-07,0.0,0.0,1.4254763302411247e-07,2.8509526604822493e-07,42.76428990723374
175,9,"(10, 10)_4_7_pcd",0.0,1.4254763302411247e-07,0.0,0.0,1.4254763302411247e-07,2.8509526604822493e-07,42.76428990723374
176,3,"(10, 10)_9_5_osm",0.0,4.2285491963825214e-07,0.0,0.0,4.2285491963825214e-07,8.457098392765043e-07,126.85647589147564
176,3,"(10, 10)_9_5_pcd",0.0,4.2285491963825214e-07,0.0,0.0,4.2285491963825214e-07,8.457098392765043e-07,126.85647589147564
177,6,"(10, 10)_4_8_osm",0.0,1.6071175558068196e-07,0.0,0.0,1.6071175558068196e-07,3.214235111613639e-07,48.21352667420459
177,6,"(10, 10)_4_8_pcd",0.0,1.6071175558068196e-07,0.0,0.0,1.6071175558068196e-07,3.214235111613639e-07,48.21352667420459
178,7,"(10, 10)_7_9_osm",0.0,2.2291191257289627e-07,0.0,0.0,2.2291191257289627e-07,4.4582382514579254e-07,66.87357377186888
178,7,"(10, 10)_7_9_pcd",0.0,2.2291191257289627e-07,0.0,0.0,2.2291191257289627e-07,4.4582382514579254e-07,66.87357377186888
179,8,"(10, 10)_9_7_osm",0.0,3.3292310408565984e-07,0.0,0.0,3.3292310408565984e-07,6.658462081713197e-07,99.87693122569794
179,8,"(10, 10)_9_7_pcd",0.0,3.3292310408565984e-07,0.0,0.0,3.3292310408565984e-07,6.658462081713197e-07,99.87693122569794
180,9,"(10, 10)_4_8_osm",0.0,1.4654599395121175e-07,0.0,0.0,1.4654599395121175e-07,2.930919879024235e-07,43.96379818536352
180,9,"(10, 10)_4_8_pcd",0.0,1.4654599395121175e-07,0.0,0.0,1.4654599395121175e-07,2.930919879024235e-07,43.96379818536352
181,3,"(10, 10)_9_6_osm",0.0,4.1510633271893065e-07,0.0,0.0,4.1510633271893065e-07,8.302126654378613e-07,124.5318998156792
181,3,"(10, 10)_9_6_pcd",0.0,4.1510633271893065e-07,0.0,0.0,4.1510633271893065e-07,8.302126654378613e-07,124.5318998156792
182,6,"(10, 10)_4_8_osm",0.0,1.5977031539958532e-07,0.0,0.0,1.5977031539958532e-07,3.1954063079917063e-07,47.931094619875594
182,6,"(10, 10)_4_8_pcd",0.0,1.5977031539958532e-07,0.0,0.0,1.5977031539958532e-07,3.1954063079917063e-07,47.931094619875594
183,7,"(10, 10)_7_9_osm",0.0,2.3006115864638366e-07,0.0,0.0,2.3006115864638366e-07,4.601223172927673e-07,69.0183475939151
183,7,"(10, 10)_7_9_pcd",0.0,2.3006115864638366e-07,0.0,0.0,2.3006115864638366e-07,4.601223172927673e-07,69.0183475939151
184,8,"(10, 10)_9_7_osm",0.0,3.0541736660783346e-07,0.0,0.0,3.0541736660783346e-07,6.108347332156669e-07,91.62520998235003
184,8,"(10, 10)_9_7_pcd",0.0,3.0541736660783346e-07,0.0,0.0,3.0541736660783346e-07,6.108347332156669e-07,91.62520998235003
185,9,"(10, 10)_4_8_osm",0.0,1.5511805616594192e-07,0.0,0.0,1.5511805616594192e-07,3.1023611233188385e-07,46.53541684978258
185,9,"(10, 10)_4_8_pcd",0.0,1.5511805616594192e-07,0.0,0.0,1.5511805616594192e-07,3.1023611233188385e-07,46.53541684978258
186,10,"(10, 10)_4_7_osm",0.0,1.4254763302411247e-07,0.0,0.0,1.4254763302411247e-07,2.8509526604822493e-07,42.76428990723374
186,10,"(10, 10)_4_7_pcd",0.0,1.4254763302411247e-07,0.0,0.0,1.4254763302411247e-07,2.8509526604822493e-07,42.76428990723374
187,6,"(10, 10)_4_8_osm",0.0,1.5911402651349916e-07,0.0,0.0,1.5911402651349916e-07,3.182280530269983e-07,47.734207954049744
187,6,"(10, 10)_4_8_pcd",0.0,1.5911402651349916e-07,0.0,0.0,1.5911402651349916e-07,3.182280530269983e-07,47.734207954049744
188,7,"(10, 10)_7_9_osm",0.0,2.3512213950084379e-07,0.0,0.0,2.3512213950084379e-07,4.7024427900168757e-07,70.53664185025313
188,7,"(10, 10)_7_9_pcd",0.0,2.3512213950084379e-07,0.0,0.0,2.3512213950084379e-07,4.7024427900168757e-07,70.53664185025313
189,8,"(10, 10)_8_7_osm",0.0,2.731425421506329e-07,0.0,0.0,2.731425421506329e-07,5.462850843012658e-07,81.94276264518986
189,8,"(10, 10)_8_7_pcd",0.0,2.731425421506329e-07,0.0,0.0,2.731425421506329e-07,5.462850843012658e-07,81.94276264518986
190,9,"(10, 10)_4_8_osm",0.0,1.758618394885358e-07,0.0,0.0,1.758618394885358e-07,3.517236789770716e-07,52.758551846560735
190,9,"(10, 10)_4_8_pcd",0.0,1.758618394885358e-07,0.0,0.0,1.758618394885358e-07,3.517236789770716e-07,52.758551846560735
191,10,"(10, 10)_4_7_osm",0.0,1.4254763302411247e-07,0.0,0.0,1.4254763302411247e-07,2.8509526604822493e-07,42.76428990723374
191,10,"(10, 10)_4_7_pcd",0.0,1.4254763302411247e-07,0.0,0.0,1.4254763302411247e-07,2.8509526604822493e-07,42.76428990723374
192,6,"(10, 10)_4_8_osm",0.0,1.5243358133592844e-07,0.0,0.0,1.5243358133592844e-07,3.048671626718569e-07,45.730074400778534
192,6,"(10, 10)_4_8_pcd",0.0,1.5243358133592844e-07,0.0,0.0,1.5243358133592844e-07,3.048671626718569e-07,45.730074400778534
193,7,"(10, 10)_7_9_osm",0.0,2.3095330243410738e-07,0.0,0.0,2.3095330243410738e-07,4.6190660486821475e-07,69.28599073023221
193,7,"(10, 10)_7_9_pcd",0.0,2.3095330243410738e-07,0.0,0.0,2.3095330243410738e-07,4.6190660486821475e-07,69.28599073023221
194,8,"(10, 10)_8_7_osm",0.0,2.3366011808796942e-07,0.0,0.0,2.3366011808796942e-07,4.6732023617593884e-07,70.09803542639082
194,8,"(10, 10)_8_7_pcd",0.0,2.3366011808796942e-07,0.0,0.0,2.3366011808796942e-07,4.6732023617593884e-07,70.09803542639082
195,9,"(10, 10)_4_8_osm",0.0,2.0098894924839585e-07,0.0,0.0,2.0098894924839585e-07,4.019778984967917e-07,60.29668477451875
195,9,"(10, 10)_4_8_pcd",0.0,2.0098894924839585e-07,0.0,0.0,2.0098894924839585e-07,4.019778984967917e-07,60.29668477451875
196,10,"(10, 10)_4_7_osm",0.0,1.4254763302411247e-07,0.0,0.0,1.4254763302411247e-07,2.8509526604822493e-07,42.76428990723374
196,10,"(10, 10)_4_7_pcd",0.0,1.4254763302411247e-07,0.0,0.0,1.4254763302411247e-07,2.8509526604822493e-07,42.76428990723374
197,6,"(10, 10)_4_8_osm",0.0,1.4159798924133505e-07,0.0,0.0,1.4159798924133505e-07,2.831959784826701e-07,42.47939677240051
197,6,"(10, 10)_4_8_pcd",0.0,1.4159798924133505e-07,0.0,0.0,1.4159798924133505e-07,2.831959784826701e-07,42.47939677240051
198,7,"(10, 10)_7_9_osm",0.0,2.2517035807862313e-07,0.0,0.0,2.2517035807862313e-07,4.5034071615724626e-07,67.55110742358694
198,7,"(10, 10)_7_9_pcd",0.0,2.2517035807862313e-07,0.0,0.0,2.2517035807862313e-07,4.5034071615724626e-07,67.55110742358694
199,8,"(10, 10)_8_7_osm",0.0,2.0120167286918408e-07,0.0,0.0,2.0120167286918408e-07,4.0240334573836816e-07,60.36050186075523
199,8,"(10, 10)_8_7_pcd",0.0,2.0120167286918408e-07,0.0,0.0,2.0120167286918408e-07,4.0240334573836816e-07,60.36050186075523
200,9,"(10, 10)_4_8_osm",0.0,2.3383284456668946e-07,0.0,0.0,2.3383284456668946e-07,4.6766568913337893e-07,70.14985337000684
200,9,"(10, 10)_4_8_pcd",0.0,2.3383284456668946e-07,0.0,0.0,2.3383284456668946e-07,4.6766568913337893e-07,70.14985337000684
201,10,"(10, 10)_4_7_osm",0.0,1.4254763302411247e-07,0.0,0.0,1.4254763302411247e-07,2.8509526604822493e-07,42.76428990723374
201,10,"(10, 10)_4_7_pcd",0.0,1.4254763302411247e-07,0.0,0.0,1.4254763302411247e-07,2.8509526604822493e-07,42.76428990723374
202,6,"(10, 10)_5_8_osm",0.0,1.2536876266312671e-07,0.0,0.0,1.2536876266312671e-07,2.5073752532625343e-07,37.610628798938016
202,6,"(10, 10)_5_8_pcd",0.0,1.2536876266312671e-07,0.0,0.0,1.2536876266312671e-07,2.5073752532625343e-07,37.610628798938016
203,7,"(10, 10)_7_9_osm",0.0,2.1485046886547645e-07,0.0,0.0,2.1485046886547645e-07,4.297009377309529e-07,64.45514065964294
203,7,"(10, 10)_7_9_pcd",0.0,2.1485046886547645e-07,0.0,0.0,2.1485046886547645e-07,4.297009377309529e-07,64.45514065964294
204,8,"(10, 10)_8_7_osm",0.0,1.8208316980042703e-07,0.0,0.0,1.8208316980042703e-07,3.6416633960085406e-07,54.62495094012811
204,8,"(10, 10)_8_7_pcd",0.0,1.8208316980042703e-07,0.0,0.0,1.8208316980042703e-07,3.6416633960085406e-07,54.62495094012811
205,9,"(10, 10)_3_8_osm",0.0,2.730982483964331e-07,0.0,0.0,2.730982483964331e-07,5.461964967928662e-07,81.92947451892994
205,9,"(10, 10)_3_8_pcd",0.0,2.730982483964331e-07,0.0,0.0,2.730982483964331e-07,5.461964967928662e-07,81.92947451892994
206,10,"(10, 10)_4_8_osm",0.0,1.4641036771521692e-07,0.0,0.0,1.4641036771521692e-07,2.9282073543043384e-07,43.92311031456507
206,10,"(10, 10)_4_8_pcd",0.0,1.4641036771521692e-07,0.0,0.0,1.4641036771521692e-07,2.9282073543043384e-07,43.92311031456507
207,6,"(10, 10)_5_8_osm",0.0,1.1015854006354055e-07,0.0,0.0,1.1015854006354055e-07,2.203170801270811e-07,33.04756201906216
207,6,"(10, 10)_5_8_pcd",0.0,1.1015854006354055e-07,0.0,0.0,1.1015854006354055e-07,2.203170801270811e-07,33.04756201906216
208,7,"(10, 10)_7_8_osm",0.0,1.9913024873691666e-07,0.0,0.0,1.9913024873691666e-07,3.982604974738333e-07,59.739074621075
208,7,"(10, 10)_7_8_pcd",0.0,1.9913024873691666e-07,0.0,0.0,1.9913024873691666e-07,3.982604974738333e-07,59.739074621075
209,8,"(10, 10)_7_7_osm",0.0,1.5616431958954794e-07,0.0,0.0,1.5616431958954794e-07,3.123286391790959e-07,46.84929587686438
209,8,"(10, 10)_7_7_pcd",0.0,1.5616431958954794e-07,0.0,0.0,1.5616431958954794e-07,3.123286391790959e-07,46.84929587686438
210,9,"(10, 10)_3_8_osm",0.0,3.200912658576238e-07,0.0,0.0,3.200912658576238e-07,6.401825317152476e-07,96.02737975728715
210,9,"(10, 10)_3_8_pcd",0.0,3.200912658576238e-07,0.0,0.0,3.200912658576238e-07,6.401825317152476e-07,96.02737975728715
211,10,"(10, 10)_4_8_osm",0.0,1.397994668776314e-07,0.0,0.0,1.397994668776314e-07,2.795989337552628e-07,41.93984006328942
211,10,"(10, 10)_4_8_pcd",0.0,1.397994668776314e-07,0.0,0.0,1.397994668776314e-07,2.795989337552628e-07,41.93984006328942
212,6,"(10, 10)_5_8_osm",0.0,8.89123798353831e-08,0.0,0.0,8.89123798353831e-08,1.778247596707662e-07,26.673713950614932
212,6,"(10, 10)_5_8_pcd",0.0,8.89123798353831e-08,0.0,0.0,8.89123798353831e-08,1.778247596707662e-07,26.673713950614932
213,7,"(10, 10)_6_8_osm",0.0,1.7753067758461486e-07,0.0,0.0,1.7753067758461486e-07,3.550613551692297e-07,53.25920327538446
213,7,"(10, 10)_6_8_pcd",0.0,1.7753067758461486e-07,0.0,0.0,1.7753067758461486e-07,3.550613551692297e-07,53.25920327538446
214,8,"(10, 10)_7_7_osm",0.0,1.2913072412054896e-07,0.0,0.0,1.2913072412054896e-07,2.582614482410979e-07,38.739217236164684
214,8,"(10, 10)_7_7_pcd",0.0,1.2913072412054896e-07,0.0,0.0,1.2913072412054896e-07,2.582614482410979e-07,38.739217236164684
215,9,"(10, 10)_2_8_osm",0.0,3.727541035947005e-07,0.0,0.0,3.727541035947005e-07,7.45508207189401e-07,111.82623107841016
215,9,"(10, 10)_2_8_pcd",0.0,3.727541035947005e-07,0.0,0.0,3.727541035947005e-07,7.45508207189401e-07,111.82623107841016
216,10,"(10, 10)_5_8_osm",0.0,1.258712352644182e-07,0.0,0.0,1.258712352644182e-07,2.517424705288364e-07,37.76137057932546
216,10,"(10, 10)_5_8_pcd",0.0,1.258712352644182e-07,0.0,0.0,1.258712352644182e-07,2.517424705288364e-07,37.76137057932546
217,6,"(10, 10)_5_8_osm",0.0,7.618450502332204e-08,0.0,0.0,7.618450502332204e-08,1.5236901004664408e-07,22.855351506996612
217,6,"(10, 10)_5_8_pcd",0.0,7.618450502332204e-08,0.0,0.0,7.618450502332204e-08,1.5236901004664408e-07,22.855351506996612
218,7,"(10, 10)_6_8_osm",0.0,1.6807379967542726e-07,0.0,0.0,1.6807379967542726e-07,3.361475993508545e-07,50.42213990262818
218,7,"(10, 10)_6_8_pcd",0.0,1.6807379967542726e-07,0.0,0.0,1.6807379967542726e-07,3.361475993508545e-07,50.42213990262818
219,8,"(10, 10)_7_7_osm",0.0,1.1335908032325645e-07,0.0,0.0,1.1335908032325645e-07,2.267181606465129e-07,34.007724096976936
219,8,"(10, 10)_7_7_pcd",0.0,1.1335908032325645e-07,0.0,0.0,1.1335908032325645e-07,2.267181606465129e-07,34.007724096976936
220,9,"(10, 10)_2_8_osm",0.0,4.3187329423563265e-07,0.0,0.0,4.3187329423563265e-07,8.637465884712653e-07,129.5619882706898
220,9,"(10, 10)_2_8_pcd",0.0,4.3187329423563265e-07,0.0,0.0,4.3187329423563265e-07,8.637465884712653e-07,129.5619882706898
221,10,"(10, 10)_5_8_osm",0.0,1.0766346213808727e-07,0.0,0.0,1.0766346213808727e-07,2.1532692427617453e-07,32.29903864142618
221,10,"(10, 10)_5_8_pcd",0.0,1.0766346213808727e-07,0.0,0.0,1.0766346213808727e-07,2.1532692427617453e-07,32.29903864142618
222,6,"(10, 10)_6_8_osm",0.0,7.235062111121348e-08,0.0,0.0,7.235062111121348e-08,1.4470124222242696e-07,21.705186333364043
222,6,"(10, 10)_6_8_pcd",0.0,7.235062111121348e-08,0.0,0.0,7.235062111121348e-08,1.4470124222242696e-07,21.705186333364043
223,7,"(10, 10)_6_8_osm",0.0,1.6645390120665748e-07,0.0,0.0,1.6645390120665748e-07,3.3290780241331497e-07,49.93617036199724
223,7,"(10, 10)_6_8_pcd",0.0,1.6645390120665748e-07,0.0,0.0,1.6645390120665748e-07,3.3290780241331497e-07,49.93617036199724
224,8,"(10, 10)_7_7_osm",0.0,9.237366384886121e-08,0.0,0.0,9.237366384886121e-08,1.8474732769772243e-07,27.712099154658365
224,8,"(10, 10)_7_7_pcd",0.0,9.237366384886121e-08,0.0,0.0,9.237366384886121e-08,1.8474732769772243e-07,27.712099154658365
225,9,"(10, 10)_1_8_osm",0.0,4.902306629308543e-07,0.0,0.0,4.902306629308543e-07,9.804613258617086e-07,147.0691988792563
225,9,"(10, 10)_1_8_pcd",0.0,4.902306629308543e-07,0.0,0.0,4.902306629308543e-07,9.804613258617086e-07,147.0691988792563
226,10,"(10, 10)_5_8_osm",0.0,8.594934014465678e-08,0.0,0.0,8.594934014465678e-08,1.7189868028931355e-07,25.784802043397033
226,10,"(10, 10)_5_8_pcd",0.0,8.594934014465678e-08,0.0,0.0,8.594934014465678e-08,1.7189868028931355e-07,25.784802043397033
227,6,"(10, 10)_6_8_osm",0.0,7.893745215967946e-08,0.0,0.0,7.893745215967946e-08,1.5787490431935892e-07,23.68123564790384
227,6,"(10, 10)_6_8_pcd",0.0,7.893745215967946e-08,0.0,0.0,7.893745215967946e-08,1.5787490431935892e-07,23.68123564790384
228,7,"(10, 10)_6_8_osm",0.0,1.5839537943466148e-07,0.0,0.0,1.5839537943466148e-07,3.1679075886932295e-07,47.518613830398444
228,7,"(10, 10)_6_8_pcd",0.0,1.5839537943466148e-07,0.0,0.0,1.5839537943466148e-07,3.1679075886932295e-07,47.518613830398444
229,8,"(10, 10)_6_7_osm",0.0,7.878704406126473e-08,0.0,0.0,7.878704406126473e-08,1.5757408812252946e-07,23.636113218379418
229,8,"(10, 10)_6_7_pcd",0.0,7.878704406126473e-08,0.0,0.0,7.878704406126473e-08,1.5757408812252946e-07,23.636113218379418
230,9,"(10, 10)_1_8_osm",0.0,5.481337867352231e-07,0.0,0.0,5.481337867352231e-07,1.0962675734704461e-06,164.4401360205669
230,9,"(10, 10)_1_8_pcd",0.0,5.481337867352231e-07,0.0,0.0,5.481337867352231e-07,1.0962675734704461e-06,164.4401360205669
231,10,"(10, 10)_5_8_osm",0.0,7.538371631357133e-08,0.0,0.0,7.538371631357133e-08,1.5076743262714266e-07,22.6151148940714
231,10,"(10, 10)_5_8_pcd",0.0,7.538371631357133e-08,0.0,0.0,7.538371631357133e-08,1.5076743262714266e-07,22.6151148940714
232,6,"(10, 10)_7_7_osm",0.0,8.686056089987367e-08,0.0,0.0,8.686056089987367e-08,1.7372112179974735e-07,26.058168269962103
232,6,"(10, 10)_7_7_pcd",0.0,8.686056089987367e-08,0.0,0.0,8.686056089987367e-08,1.7372112179974735e-07,26.058168269962103
233,7,"(10, 10)_6_8_osm",0.0,1.4396404552150954e-07,0.0,0.0,1.4396404552150954e-07,2.879280910430191e-07,43.189213656452864
233,7,"(10, 10)_6_8_pcd",0.0,1.4396404552150954e-07,0.0,0.0,1.4396404552150954e-07,2.879280910430191e-07,43.189213656452864
234,8,"(10, 10)_6_7_osm",0.0,7.175503817185277e-08,0.0,0.0,7.175503817185277e-08,1.4351007634370554e-07,21.52651145155583
234,8,"(10, 10)_6_7_pcd",0.0,7.175503817185277e-08,0.0,0.0,7.175503817185277e-08,1.4351007634370554e-07,21.52651145155583
235,9,"(10, 10)_0_9_osm",0.0,6.081133889266951e-07,0.0,0.0,6.081133889266951e-07,1.2162267778533903e-06,182.43401667800853
235,9,"(10, 10)_0_9_pcd",0.0,6.081133889266951e-07,0.0,0.0,6.081133889266951e-07,1.2162267778533903e-06,182.43401667800853
236,10,"(10, 10)_6_8_osm",0.0,7.248795094038785e-08,0.0,0.0,7.248795094038785e-08,1.449759018807757e-07,21.746385282116353
236,10,"(10, 10)_6_8_pcd",0.0,7.248795094038785e-08,0.0,0.0,7.248795094038785e-08,1.449759018807757e-07,21.746385282116353
237,6,"(10, 10)_7_7_osm",0.0,9.517832680694195e-08,0.0,0.0,9.517832680694195e-08,1.903566536138839e-07,28.553498042082584
237,6,"(10, 10)_7_7_pcd",0.0,9.517832680694195e-08,0.0,0.0,9.517832680694195e-08,1.903566536138839e-07,28.553498042082584
238,7,"(10, 10)_6_8_osm",0.0,1.3163164516736734e-07,0.0,0.0,1.3163164516736734e-07,2.632632903347347e-07,39.4894935502102
238,7,"(10, 10)_6_8_pcd",0.0,1.3163164516736734e-07,0.0,0.0,1.3163164516736734e-07,2.632632903347347e-07,39.4894935502102
239,8,"(10, 10)_6_7_osm",0.0,7.174283158890948e-08,0.0,0.0,7.174283158890948e-08,1.4348566317781896e-07,21.522849476672846
239,8,"(10, 10)_6_7_pcd",0.0,7.174283158890948e-08,0.0,0.0,7.174283158890948e-08,1.4348566317781896e-07,21.522849476672846
240,9,"(10, 10)_0_9_osm",0.0,6.665439952743285e-07,0.0,0.0,6.665439952743285e-07,1.333087990548657e-06,199.96319858229853
240,9,"(10, 10)_0_9_pcd",0.0,6.665439952743285e-07,0.0,0.0,6.665439952743285e-07,1.333087990548657e-06,199.96319858229853
